feature_code,date_code,measurement,units,value,population_group,breastfeeding_data_collection_time,year,la_name
S12000039,2004/2005,Ratio,Percent Of Babies,24.02,Breastfed,6 To 8 Week Review,2005,West Dunbartonshire
S12000039,2009/2010,Ratio,Percent Of Babies,21.41,Breastfed,6 To 8 Week Review,2010,West Dunbartonshire
S12000039,2007/2008,Ratio,Percent Of Babies,21.55,Breastfed,6 To 8 Week Review,2008,West Dunbartonshire
S12000039,2012/2013,Ratio,Percent Of Babies,19.39,Breastfed,6 To 8 Week Review,2013,West Dunbartonshire
S12000039,2006/2007,Ratio,Percent Of Babies,19.69,Breastfed,6 To 8 Week Review,2007,West Dunbartonshire
S12000039,2013/2014,Ratio,Percent Of Babies,22.5,Breastfed,6 To 8 Week Review,2014,West Dunbartonshire
S12000039,2017/2018,Ratio,Percent Of Babies,22.53,Breastfed,6 To 8 Week Review,2018,West Dunbartonshire
S12000039,2008/2009,Ratio,Percent Of Babies,21.36,Breastfed,6 To 8 Week Review,2009,West Dunbartonshire
S12000039,2003/2004,Ratio,Percent Of Babies,25.28,Breastfed,6 To 8 Week Review,2004,West Dunbartonshire
S12000039,2014/2015,Ratio,Percent Of Babies,21.12,Breastfed,6 To 8 Week Review,2015,West Dunbartonshire
S12000039,2016/2017,Ratio,Percent Of Babies,23.48,Breastfed,6 To 8 Week Review,2017,West Dunbartonshire
S12000039,2010/2011,Ratio,Percent Of Babies,18.01,Breastfed,6 To 8 Week Review,2011,West Dunbartonshire
S12000039,2002/2003,Ratio,Percent Of Babies,25.61,Breastfed,6 To 8 Week Review,2003,West Dunbartonshire
S12000039,2005/2006,Ratio,Percent Of Babies,25.08,Breastfed,6 To 8 Week Review,2006,West Dunbartonshire
S12000039,2015/2016,Ratio,Percent Of Babies,22.29,Breastfed,6 To 8 Week Review,2016,West Dunbartonshire
S12000039,2018/2019,Ratio,Percent Of Babies,26.84,Breastfed,6 To 8 Week Review,2019,West Dunbartonshire
S12000039,2011/2012,Ratio,Percent Of Babies,22.57,Breastfed,6 To 8 Week Review,2012,West Dunbartonshire
S12000040,2006/2007,Ratio,Percent Of Babies,34.82,Breastfed,6 To 8 Week Review,2007,West Lothian
S12000040,2012/2013,Ratio,Percent Of Babies,33.17,Breastfed,6 To 8 Week Review,2013,West Lothian
S12000040,2016/2017,Ratio,Percent Of Babies,37.43,Breastfed,6 To 8 Week Review,2017,West Lothian
S12000040,2014/2015,Ratio,Percent Of Babies,32.94,Breastfed,6 To 8 Week Review,2015,West Lothian
S12000040,2013/2014,Ratio,Percent Of Babies,33.21,Breastfed,6 To 8 Week Review,2014,West Lothian
S12000040,2011/2012,Ratio,Percent Of Babies,32.53,Breastfed,6 To 8 Week Review,2012,West Lothian
S12000040,2008/2009,Ratio,Percent Of Babies,35.83,Breastfed,6 To 8 Week Review,2009,West Lothian
S12000040,2003/2004,Ratio,Percent Of Babies,33.3,Breastfed,6 To 8 Week Review,2004,West Lothian
S12000040,2009/2010,Ratio,Percent Of Babies,33.55,Breastfed,6 To 8 Week Review,2010,West Lothian
S12000040,2005/2006,Ratio,Percent Of Babies,35.57,Breastfed,6 To 8 Week Review,2006,West Lothian
S12000040,2002/2003,Ratio,Percent Of Babies,35.68,Breastfed,6 To 8 Week Review,2003,West Lothian
S12000040,2004/2005,Ratio,Percent Of Babies,33.77,Breastfed,6 To 8 Week Review,2005,West Lothian
S12000040,2015/2016,Ratio,Percent Of Babies,35.16,Breastfed,6 To 8 Week Review,2016,West Lothian
S12000040,2007/2008,Ratio,Percent Of Babies,34.02,Breastfed,6 To 8 Week Review,2008,West Lothian
S12000040,2018/2019,Ratio,Percent Of Babies,40.5,Breastfed,6 To 8 Week Review,2019,West Lothian
S12000040,2010/2011,Ratio,Percent Of Babies,34.27,Breastfed,6 To 8 Week Review,2011,West Lothian
S12000040,2017/2018,Ratio,Percent Of Babies,39.67,Breastfed,6 To 8 Week Review,2018,West Lothian
S92000003,2006/2007,Ratio,Percent Of Babies,35.66,Breastfed,6 To 8 Week Review,2007,Scotland
S92000003,2004/2005,Ratio,Percent Of Babies,35.86,Breastfed,6 To 8 Week Review,2005,Scotland
S92000003,2011/2012,Ratio,Percent Of Babies,36.53,Breastfed,6 To 8 Week Review,2012,Scotland
S92000003,2014/2015,Ratio,Percent Of Babies,37.83,Breastfed,6 To 8 Week Review,2015,Scotland
S92000003,2003/2004,Ratio,Percent Of Babies,35.63,Breastfed,6 To 8 Week Review,2004,Scotland
S92000003,2015/2016,Ratio,Percent Of Babies,38.4,Breastfed,6 To 8 Week Review,2016,Scotland
S92000003,2016/2017,Ratio,Percent Of Babies,40.4,Breastfed,6 To 8 Week Review,2017,Scotland
S92000003,2002/2003,Ratio,Percent Of Babies,36.25,Breastfed,6 To 8 Week Review,2003,Scotland
S92000003,2008/2009,Ratio,Percent Of Babies,35.94,Breastfed,6 To 8 Week Review,2009,Scotland
S92000003,2005/2006,Ratio,Percent Of Babies,36.68,Breastfed,6 To 8 Week Review,2006,Scotland
S92000003,2010/2011,Ratio,Percent Of Babies,36.82,Breastfed,6 To 8 Week Review,2011,Scotland
S92000003,2007/2008,Ratio,Percent Of Babies,35.16,Breastfed,6 To 8 Week Review,2008,Scotland
S92000003,2009/2010,Ratio,Percent Of Babies,35.77,Breastfed,6 To 8 Week Review,2010,Scotland
S92000003,2018/2019,Ratio,Percent Of Babies,43.19,Breastfed,6 To 8 Week Review,2019,Scotland
S92000003,2012/2013,Ratio,Percent Of Babies,36.16,Breastfed,6 To 8 Week Review,2013,Scotland
S92000003,2013/2014,Ratio,Percent Of Babies,37.26,Breastfed,6 To 8 Week Review,2014,Scotland
S92000003,2017/2018,Ratio,Percent Of Babies,41.23,Breastfed,6 To 8 Week Review,2018,Scotland
S12000005,2013/2014,Ratio,Percent Of Babies,22.84,Breastfed,6 To 8 Week Review,2014,Clackmannanshire
S12000005,2006/2007,Ratio,Percent Of Babies,23.98,Breastfed,6 To 8 Week Review,2007,Clackmannanshire
S12000005,2007/2008,Ratio,Percent Of Babies,27.8,Breastfed,6 To 8 Week Review,2008,Clackmannanshire
S12000005,2014/2015,Ratio,Percent Of Babies,27.37,Breastfed,6 To 8 Week Review,2015,Clackmannanshire
S12000005,2005/2006,Ratio,Percent Of Babies,29.55,Breastfed,6 To 8 Week Review,2006,Clackmannanshire
S12000005,2017/2018,Ratio,Percent Of Babies,26.8,Breastfed,6 To 8 Week Review,2018,Clackmannanshire
S12000005,2004/2005,Ratio,Percent Of Babies,28.51,Breastfed,6 To 8 Week Review,2005,Clackmannanshire
S12000005,2018/2019,Ratio,Percent Of Babies,30.34,Breastfed,6 To 8 Week Review,2019,Clackmannanshire
S12000005,2015/2016,Ratio,Percent Of Babies,23.15,Breastfed,6 To 8 Week Review,2016,Clackmannanshire
S12000005,2012/2013,Ratio,Percent Of Babies,22.75,Breastfed,6 To 8 Week Review,2013,Clackmannanshire
S12000005,2011/2012,Ratio,Percent Of Babies,27.39,Breastfed,6 To 8 Week Review,2012,Clackmannanshire
S12000005,2008/2009,Ratio,Percent Of Babies,28.98,Breastfed,6 To 8 Week Review,2009,Clackmannanshire
S12000005,2016/2017,Ratio,Percent Of Babies,23.59,Breastfed,6 To 8 Week Review,2017,Clackmannanshire
S12000005,2003/2004,Ratio,Percent Of Babies,28.44,Breastfed,6 To 8 Week Review,2004,Clackmannanshire
S12000005,2002/2003,Ratio,Percent Of Babies,30.21,Breastfed,6 To 8 Week Review,2003,Clackmannanshire
S12000005,2010/2011,Ratio,Percent Of Babies,27.27,Breastfed,6 To 8 Week Review,2011,Clackmannanshire
S12000005,2009/2010,Ratio,Percent Of Babies,24.47,Breastfed,6 To 8 Week Review,2010,Clackmannanshire
S12000006,2008/2009,Ratio,Percent Of Babies,32.55,Breastfed,6 To 8 Week Review,2009,Dumfries and Galloway
S12000006,2012/2013,Ratio,Percent Of Babies,31.1,Breastfed,6 To 8 Week Review,2013,Dumfries and Galloway
S12000006,2006/2007,Ratio,Percent Of Babies,33.76,Breastfed,6 To 8 Week Review,2007,Dumfries and Galloway
S12000006,2009/2010,Ratio,Percent Of Babies,32.74,Breastfed,6 To 8 Week Review,2010,Dumfries and Galloway
S12000006,2007/2008,Ratio,Percent Of Babies,33.56,Breastfed,6 To 8 Week Review,2008,Dumfries and Galloway
S12000006,2010/2011,Ratio,Percent Of Babies,31.12,Breastfed,6 To 8 Week Review,2011,Dumfries and Galloway
S12000006,2013/2014,Ratio,Percent Of Babies,32.68,Breastfed,6 To 8 Week Review,2014,Dumfries and Galloway
S12000006,2014/2015,Ratio,Percent Of Babies,32.21,Breastfed,6 To 8 Week Review,2015,Dumfries and Galloway
S12000006,2015/2016,Ratio,Percent Of Babies,31.83,Breastfed,6 To 8 Week Review,2016,Dumfries and Galloway
S12000006,2017/2018,Ratio,Percent Of Babies,35.7,Breastfed,6 To 8 Week Review,2018,Dumfries and Galloway
S12000006,2005/2006,Ratio,Percent Of Babies,37.28,Breastfed,6 To 8 Week Review,2006,Dumfries and Galloway
S12000006,2011/2012,Ratio,Percent Of Babies,32.12,Breastfed,6 To 8 Week Review,2012,Dumfries and Galloway
S12000006,2016/2017,Ratio,Percent Of Babies,32.92,Breastfed,6 To 8 Week Review,2017,Dumfries and Galloway
S12000006,2002/2003,Ratio,Percent Of Babies,35.95,Breastfed,6 To 8 Week Review,2003,Dumfries and Galloway
S12000006,2004/2005,Ratio,Percent Of Babies,36.43,Breastfed,6 To 8 Week Review,2005,Dumfries and Galloway
S12000006,2018/2019,Ratio,Percent Of Babies,34.97,Breastfed,6 To 8 Week Review,2019,Dumfries and Galloway
S12000006,2003/2004,Ratio,Percent Of Babies,37.88,Breastfed,6 To 8 Week Review,2004,Dumfries and Galloway
S12000008,2015/2016,Ratio,Percent Of Babies,21.32,Breastfed,6 To 8 Week Review,2016,East Ayrshire
S12000008,2005/2006,Ratio,Percent Of Babies,28.07,Breastfed,6 To 8 Week Review,2006,East Ayrshire
S12000008,2014/2015,Ratio,Percent Of Babies,21.42,Breastfed,6 To 8 Week Review,2015,East Ayrshire
S12000008,2011/2012,Ratio,Percent Of Babies,24.42,Breastfed,6 To 8 Week Review,2012,East Ayrshire
S12000008,2004/2005,Ratio,Percent Of Babies,30.31,Breastfed,6 To 8 Week Review,2005,East Ayrshire
S12000008,2018/2019,Ratio,Percent Of Babies,26.07,Breastfed,6 To 8 Week Review,2019,East Ayrshire
S12000008,2012/2013,Ratio,Percent Of Babies,20.88,Breastfed,6 To 8 Week Review,2013,East Ayrshire
S12000008,2002/2003,Ratio,Percent Of Babies,30.3,Breastfed,6 To 8 Week Review,2003,East Ayrshire
S12000008,2009/2010,Ratio,Percent Of Babies,22.3,Breastfed,6 To 8 Week Review,2010,East Ayrshire
S12000008,2013/2014,Ratio,Percent Of Babies,23.61,Breastfed,6 To 8 Week Review,2014,East Ayrshire
S12000008,2010/2011,Ratio,Percent Of Babies,22.71,Breastfed,6 To 8 Week Review,2011,East Ayrshire
S12000008,2003/2004,Ratio,Percent Of Babies,27.31,Breastfed,6 To 8 Week Review,2004,East Ayrshire
S12000008,2007/2008,Ratio,Percent Of Babies,23.48,Breastfed,6 To 8 Week Review,2008,East Ayrshire
S12000008,2017/2018,Ratio,Percent Of Babies,23.73,Breastfed,6 To 8 Week Review,2018,East Ayrshire
S12000008,2006/2007,Ratio,Percent Of Babies,28.63,Breastfed,6 To 8 Week Review,2007,East Ayrshire
S12000008,2008/2009,Ratio,Percent Of Babies,25,Breastfed,6 To 8 Week Review,2009,East Ayrshire
S12000008,2016/2017,Ratio,Percent Of Babies,22.28,Breastfed,6 To 8 Week Review,2017,East Ayrshire
S12000010,2013/2014,Ratio,Percent Of Babies,44.39,Breastfed,6 To 8 Week Review,2014,East Lothian
S12000010,2012/2013,Ratio,Percent Of Babies,40.11,Breastfed,6 To 8 Week Review,2013,East Lothian
S12000010,2017/2018,Ratio,Percent Of Babies,45.08,Breastfed,6 To 8 Week Review,2018,East Lothian
S12000010,2007/2008,Ratio,Percent Of Babies,44.57,Breastfed,6 To 8 Week Review,2008,East Lothian
S12000010,2010/2011,Ratio,Percent Of Babies,41.44,Breastfed,6 To 8 Week Review,2011,East Lothian
S12000010,2006/2007,Ratio,Percent Of Babies,43.33,Breastfed,6 To 8 Week Review,2007,East Lothian
S12000010,2004/2005,Ratio,Percent Of Babies,44.76,Breastfed,6 To 8 Week Review,2005,East Lothian
S12000010,2009/2010,Ratio,Percent Of Babies,47.38,Breastfed,6 To 8 Week Review,2010,East Lothian
S12000010,2008/2009,Ratio,Percent Of Babies,42.93,Breastfed,6 To 8 Week Review,2009,East Lothian
S12000010,2011/2012,Ratio,Percent Of Babies,42.29,Breastfed,6 To 8 Week Review,2012,East Lothian
S12000010,2003/2004,Ratio,Percent Of Babies,47.74,Breastfed,6 To 8 Week Review,2004,East Lothian
S12000010,2016/2017,Ratio,Percent Of Babies,47.93,Breastfed,6 To 8 Week Review,2017,East Lothian
S12000010,2002/2003,Ratio,Percent Of Babies,45.71,Breastfed,6 To 8 Week Review,2003,East Lothian
S12000010,2015/2016,Ratio,Percent Of Babies,46.62,Breastfed,6 To 8 Week Review,2016,East Lothian
S12000010,2005/2006,Ratio,Percent Of Babies,46.12,Breastfed,6 To 8 Week Review,2006,East Lothian
S12000010,2018/2019,Ratio,Percent Of Babies,50.44,Breastfed,6 To 8 Week Review,2019,East Lothian
S12000010,2014/2015,Ratio,Percent Of Babies,44.75,Breastfed,6 To 8 Week Review,2015,East Lothian
S12000011,2014/2015,Ratio,Percent Of Babies,50.6,Breastfed,6 To 8 Week Review,2015,East Renfrewshire
S12000011,2002/2003,Ratio,Percent Of Babies,47.52,Breastfed,6 To 8 Week Review,2003,East Renfrewshire
S12000011,2010/2011,Ratio,Percent Of Babies,44.29,Breastfed,6 To 8 Week Review,2011,East Renfrewshire
S12000011,2016/2017,Ratio,Percent Of Babies,52.12,Breastfed,6 To 8 Week Review,2017,East Renfrewshire
S12000011,2007/2008,Ratio,Percent Of Babies,47.02,Breastfed,6 To 8 Week Review,2008,East Renfrewshire
S12000011,2017/2018,Ratio,Percent Of Babies,52.9,Breastfed,6 To 8 Week Review,2018,East Renfrewshire
S12000011,2018/2019,Ratio,Percent Of Babies,56.67,Breastfed,6 To 8 Week Review,2019,East Renfrewshire
S12000011,2006/2007,Ratio,Percent Of Babies,47.08,Breastfed,6 To 8 Week Review,2007,East Renfrewshire
S12000011,2004/2005,Ratio,Percent Of Babies,47.69,Breastfed,6 To 8 Week Review,2005,East Renfrewshire
S12000011,2008/2009,Ratio,Percent Of Babies,45.81,Breastfed,6 To 8 Week Review,2009,East Renfrewshire
S12000011,2012/2013,Ratio,Percent Of Babies,46.1,Breastfed,6 To 8 Week Review,2013,East Renfrewshire
S12000011,2011/2012,Ratio,Percent Of Babies,47.2,Breastfed,6 To 8 Week Review,2012,East Renfrewshire
S12000011,2013/2014,Ratio,Percent Of Babies,45.29,Breastfed,6 To 8 Week Review,2014,East Renfrewshire
S12000011,2003/2004,Ratio,Percent Of Babies,48.26,Breastfed,6 To 8 Week Review,2004,East Renfrewshire
S12000011,2015/2016,Ratio,Percent Of Babies,52.23,Breastfed,6 To 8 Week Review,2016,East Renfrewshire
S12000011,2005/2006,Ratio,Percent Of Babies,49.62,Breastfed,6 To 8 Week Review,2006,East Renfrewshire
S12000011,2009/2010,Ratio,Percent Of Babies,45.4,Breastfed,6 To 8 Week Review,2010,East Renfrewshire
S12000013,2015/2016,Ratio,Percent Of Babies,40,Breastfed,6 To 8 Week Review,2016,Na h-Eileanan Siar
S12000013,2018/2019,Ratio,Percent Of Babies,50.82,Breastfed,6 To 8 Week Review,2019,Na h-Eileanan Siar
S12000013,2011/2012,Ratio,Percent Of Babies,41.63,Breastfed,6 To 8 Week Review,2012,Na h-Eileanan Siar
S12000013,2016/2017,Ratio,Percent Of Babies,42.79,Breastfed,6 To 8 Week Review,2017,Na h-Eileanan Siar
S12000013,2006/2007,Ratio,Percent Of Babies,34.69,Breastfed,6 To 8 Week Review,2007,Na h-Eileanan Siar
S12000013,2008/2009,Ratio,Percent Of Babies,45.6,Breastfed,6 To 8 Week Review,2009,Na h-Eileanan Siar
S12000013,2010/2011,Ratio,Percent Of Babies,38.73,Breastfed,6 To 8 Week Review,2011,Na h-Eileanan Siar
S12000013,2012/2013,Ratio,Percent Of Babies,35.11,Breastfed,6 To 8 Week Review,2013,Na h-Eileanan Siar
S12000013,2013/2014,Ratio,Percent Of Babies,40.54,Breastfed,6 To 8 Week Review,2014,Na h-Eileanan Siar
S12000013,2007/2008,Ratio,Percent Of Babies,40.23,Breastfed,6 To 8 Week Review,2008,Na h-Eileanan Siar
S12000013,2009/2010,Ratio,Percent Of Babies,34.69,Breastfed,6 To 8 Week Review,2010,Na h-Eileanan Siar
S12000013,2014/2015,Ratio,Percent Of Babies,38.28,Breastfed,6 To 8 Week Review,2015,Na h-Eileanan Siar
S12000013,2017/2018,Ratio,Percent Of Babies,45.03,Breastfed,6 To 8 Week Review,2018,Na h-Eileanan Siar
S12000014,2004/2005,Ratio,Percent Of Babies,25.48,Breastfed,6 To 8 Week Review,2005,Falkirk
S12000014,2011/2012,Ratio,Percent Of Babies,27.52,Breastfed,6 To 8 Week Review,2012,Falkirk
S12000014,2014/2015,Ratio,Percent Of Babies,27.63,Breastfed,6 To 8 Week Review,2015,Falkirk
S12000014,2017/2018,Ratio,Percent Of Babies,29.08,Breastfed,6 To 8 Week Review,2018,Falkirk
S12000014,2005/2006,Ratio,Percent Of Babies,28.98,Breastfed,6 To 8 Week Review,2006,Falkirk
S12000014,2013/2014,Ratio,Percent Of Babies,26.5,Breastfed,6 To 8 Week Review,2014,Falkirk
S12000014,2002/2003,Ratio,Percent Of Babies,25.14,Breastfed,6 To 8 Week Review,2003,Falkirk
S12000014,2010/2011,Ratio,Percent Of Babies,28.22,Breastfed,6 To 8 Week Review,2011,Falkirk
S12000014,2009/2010,Ratio,Percent Of Babies,25.66,Breastfed,6 To 8 Week Review,2010,Falkirk
S12000014,2003/2004,Ratio,Percent Of Babies,28.69,Breastfed,6 To 8 Week Review,2004,Falkirk
S12000014,2015/2016,Ratio,Percent Of Babies,29.01,Breastfed,6 To 8 Week Review,2016,Falkirk
S12000014,2012/2013,Ratio,Percent Of Babies,27.87,Breastfed,6 To 8 Week Review,2013,Falkirk
S12000014,2008/2009,Ratio,Percent Of Babies,28.39,Breastfed,6 To 8 Week Review,2009,Falkirk
S12000014,2007/2008,Ratio,Percent Of Babies,26.23,Breastfed,6 To 8 Week Review,2008,Falkirk
S12000014,2006/2007,Ratio,Percent Of Babies,25.72,Breastfed,6 To 8 Week Review,2007,Falkirk
S12000014,2016/2017,Ratio,Percent Of Babies,29.97,Breastfed,6 To 8 Week Review,2017,Falkirk
S12000014,2018/2019,Ratio,Percent Of Babies,31.37,Breastfed,6 To 8 Week Review,2019,Falkirk
S12000017,2015/2016,Ratio,Percent Of Babies,43.88,Breastfed,6 To 8 Week Review,2016,Highland
S12000017,2018/2019,Ratio,Percent Of Babies,47.17,Breastfed,6 To 8 Week Review,2019,Highland
S12000017,2012/2013,Ratio,Percent Of Babies,41.23,Breastfed,6 To 8 Week Review,2013,Highland
S12000017,2006/2007,Ratio,Percent Of Babies,38.46,Breastfed,6 To 8 Week Review,2007,Highland
S12000017,2014/2015,Ratio,Percent Of Babies,40.18,Breastfed,6 To 8 Week Review,2015,Highland
S12000017,2009/2010,Ratio,Percent Of Babies,40.59,Breastfed,6 To 8 Week Review,2010,Highland
S12000017,2003/2004,Ratio,Percent Of Babies,55,Breastfed,6 To 8 Week Review,2004,Highland
S12000017,2013/2014,Ratio,Percent Of Babies,40.67,Breastfed,6 To 8 Week Review,2014,Highland
S12000017,2004/2005,Ratio,Percent Of Babies,41.67,Breastfed,6 To 8 Week Review,2005,Highland
S12000017,2016/2017,Ratio,Percent Of Babies,44.63,Breastfed,6 To 8 Week Review,2017,Highland
S12000017,2010/2011,Ratio,Percent Of Babies,42.2,Breastfed,6 To 8 Week Review,2011,Highland
S12000017,2007/2008,Ratio,Percent Of Babies,44.01,Breastfed,6 To 8 Week Review,2008,Highland
S12000017,2011/2012,Ratio,Percent Of Babies,40.12,Breastfed,6 To 8 Week Review,2012,Highland
S12000017,2002/2003,Ratio,Percent Of Babies,70,Breastfed,6 To 8 Week Review,2003,Highland
S12000017,2008/2009,Ratio,Percent Of Babies,43.04,Breastfed,6 To 8 Week Review,2009,Highland
S12000017,2005/2006,Ratio,Percent Of Babies,60,Breastfed,6 To 8 Week Review,2006,Highland
S12000017,2017/2018,Ratio,Percent Of Babies,43.98,Breastfed,6 To 8 Week Review,2018,Highland
S12000018,2011/2012,Ratio,Percent Of Babies,23.59,Breastfed,6 To 8 Week Review,2012,Inverclyde
S12000018,2012/2013,Ratio,Percent Of Babies,18.12,Breastfed,6 To 8 Week Review,2013,Inverclyde
S12000018,2010/2011,Ratio,Percent Of Babies,21.12,Breastfed,6 To 8 Week Review,2011,Inverclyde
S12000018,2002/2003,Ratio,Percent Of Babies,24.71,Breastfed,6 To 8 Week Review,2003,Inverclyde
S12000018,2014/2015,Ratio,Percent Of Babies,20.2,Breastfed,6 To 8 Week Review,2015,Inverclyde
S12000018,2004/2005,Ratio,Percent Of Babies,27.08,Breastfed,6 To 8 Week Review,2005,Inverclyde
S12000018,2003/2004,Ratio,Percent Of Babies,22.72,Breastfed,6 To 8 Week Review,2004,Inverclyde
S12000018,2007/2008,Ratio,Percent Of Babies,21.54,Breastfed,6 To 8 Week Review,2008,Inverclyde
S12000018,2006/2007,Ratio,Percent Of Babies,22.48,Breastfed,6 To 8 Week Review,2007,Inverclyde
S12000018,2018/2019,Ratio,Percent Of Babies,19.71,Breastfed,6 To 8 Week Review,2019,Inverclyde
S12000018,2017/2018,Ratio,Percent Of Babies,21.99,Breastfed,6 To 8 Week Review,2018,Inverclyde
S12000018,2009/2010,Ratio,Percent Of Babies,18.35,Breastfed,6 To 8 Week Review,2010,Inverclyde
S12000018,2015/2016,Ratio,Percent Of Babies,20.83,Breastfed,6 To 8 Week Review,2016,Inverclyde
S12000018,2013/2014,Ratio,Percent Of Babies,20.08,Breastfed,6 To 8 Week Review,2014,Inverclyde
S12000018,2016/2017,Ratio,Percent Of Babies,19.87,Breastfed,6 To 8 Week Review,2017,Inverclyde
S12000018,2008/2009,Ratio,Percent Of Babies,21.33,Breastfed,6 To 8 Week Review,2009,Inverclyde
S12000018,2005/2006,Ratio,Percent Of Babies,23.82,Breastfed,6 To 8 Week Review,2006,Inverclyde
S12000019,2010/2011,Ratio,Percent Of Babies,34.06,Breastfed,6 To 8 Week Review,2011,Midlothian
S12000019,2005/2006,Ratio,Percent Of Babies,36.56,Breastfed,6 To 8 Week Review,2006,Midlothian
S12000019,2012/2013,Ratio,Percent Of Babies,34.02,Breastfed,6 To 8 Week Review,2013,Midlothian
S12000019,2015/2016,Ratio,Percent Of Babies,37.92,Breastfed,6 To 8 Week Review,2016,Midlothian
S12000019,2013/2014,Ratio,Percent Of Babies,35.4,Breastfed,6 To 8 Week Review,2014,Midlothian
S12000019,2004/2005,Ratio,Percent Of Babies,35.75,Breastfed,6 To 8 Week Review,2005,Midlothian
S12000019,2008/2009,Ratio,Percent Of Babies,35.81,Breastfed,6 To 8 Week Review,2009,Midlothian
S12000019,2002/2003,Ratio,Percent Of Babies,37.8,Breastfed,6 To 8 Week Review,2003,Midlothian
S12000019,2009/2010,Ratio,Percent Of Babies,36.51,Breastfed,6 To 8 Week Review,2010,Midlothian
S12000019,2018/2019,Ratio,Percent Of Babies,45.19,Breastfed,6 To 8 Week Review,2019,Midlothian
S12000019,2017/2018,Ratio,Percent Of Babies,42.95,Breastfed,6 To 8 Week Review,2018,Midlothian
S12000019,2003/2004,Ratio,Percent Of Babies,37.97,Breastfed,6 To 8 Week Review,2004,Midlothian
S12000019,2011/2012,Ratio,Percent Of Babies,32.01,Breastfed,6 To 8 Week Review,2012,Midlothian
S12000019,2007/2008,Ratio,Percent Of Babies,36.16,Breastfed,6 To 8 Week Review,2008,Midlothian
S12000019,2016/2017,Ratio,Percent Of Babies,40.02,Breastfed,6 To 8 Week Review,2017,Midlothian
S12000019,2006/2007,Ratio,Percent Of Babies,38.07,Breastfed,6 To 8 Week Review,2007,Midlothian
S12000019,2014/2015,Ratio,Percent Of Babies,39.61,Breastfed,6 To 8 Week Review,2015,Midlothian
S12000020,2011/2012,Ratio,Percent Of Babies,38.87,Breastfed,6 To 8 Week Review,2012,Moray
S12000020,2017/2018,Ratio,Percent Of Babies,48,Breastfed,6 To 8 Week Review,2018,Moray
S12000020,2014/2015,Ratio,Percent Of Babies,39.83,Breastfed,6 To 8 Week Review,2015,Moray
S12000020,2018/2019,Ratio,Percent Of Babies,44.82,Breastfed,6 To 8 Week Review,2019,Moray
S12000020,2013/2014,Ratio,Percent Of Babies,38.01,Breastfed,6 To 8 Week Review,2014,Moray
S12000020,2012/2013,Ratio,Percent Of Babies,38.38,Breastfed,6 To 8 Week Review,2013,Moray
S12000020,2016/2017,Ratio,Percent Of Babies,45.52,Breastfed,6 To 8 Week Review,2017,Moray
S12000020,2010/2011,Ratio,Percent Of Babies,39.62,Breastfed,6 To 8 Week Review,2011,Moray
S12000020,2015/2016,Ratio,Percent Of Babies,40.99,Breastfed,6 To 8 Week Review,2016,Moray
S12000021,2014/2015,Ratio,Percent Of Babies,23.97,Breastfed,6 To 8 Week Review,2015,North Ayrshire
S12000021,2011/2012,Ratio,Percent Of Babies,18.91,Breastfed,6 To 8 Week Review,2012,North Ayrshire
S12000021,2013/2014,Ratio,Percent Of Babies,24.04,Breastfed,6 To 8 Week Review,2014,North Ayrshire
S12000021,2003/2004,Ratio,Percent Of Babies,24.31,Breastfed,6 To 8 Week Review,2004,North Ayrshire
S12000021,2009/2010,Ratio,Percent Of Babies,25.7,Breastfed,6 To 8 Week Review,2010,North Ayrshire
S12000021,2005/2006,Ratio,Percent Of Babies,27.88,Breastfed,6 To 8 Week Review,2006,North Ayrshire
S12000021,2006/2007,Ratio,Percent Of Babies,24.6,Breastfed,6 To 8 Week Review,2007,North Ayrshire
S12000021,2010/2011,Ratio,Percent Of Babies,23.31,Breastfed,6 To 8 Week Review,2011,North Ayrshire
S12000021,2007/2008,Ratio,Percent Of Babies,23.76,Breastfed,6 To 8 Week Review,2008,North Ayrshire
S12000021,2016/2017,Ratio,Percent Of Babies,23.46,Breastfed,6 To 8 Week Review,2017,North Ayrshire
S12000021,2017/2018,Ratio,Percent Of Babies,23.82,Breastfed,6 To 8 Week Review,2018,North Ayrshire
S12000021,2004/2005,Ratio,Percent Of Babies,26.97,Breastfed,6 To 8 Week Review,2005,North Ayrshire
S12000021,2002/2003,Ratio,Percent Of Babies,26.17,Breastfed,6 To 8 Week Review,2003,North Ayrshire
S12000021,2018/2019,Ratio,Percent Of Babies,26.27,Breastfed,6 To 8 Week Review,2019,North Ayrshire
S12000021,2015/2016,Ratio,Percent Of Babies,21.95,Breastfed,6 To 8 Week Review,2016,North Ayrshire
S12000021,2008/2009,Ratio,Percent Of Babies,23.34,Breastfed,6 To 8 Week Review,2009,North Ayrshire
S12000021,2012/2013,Ratio,Percent Of Babies,20.99,Breastfed,6 To 8 Week Review,2013,North Ayrshire
S12000023,2010/2011,Ratio,Percent Of Babies,50.83,Breastfed,6 To 8 Week Review,2011,Orkney Islands
S12000023,2011/2012,Ratio,Percent Of Babies,58.86,Breastfed,6 To 8 Week Review,2012,Orkney Islands
S12000023,2016/2017,Ratio,Percent Of Babies,62.2,Breastfed,6 To 8 Week Review,2017,Orkney Islands
S12000023,2018/2019,Ratio,Percent Of Babies,63.91,Breastfed,6 To 8 Week Review,2019,Orkney Islands
S12000023,2013/2014,Ratio,Percent Of Babies,62.2,Breastfed,6 To 8 Week Review,2014,Orkney Islands
S12000023,2017/2018,Ratio,Percent Of Babies,60.38,Breastfed,6 To 8 Week Review,2018,Orkney Islands
S12000023,2015/2016,Ratio,Percent Of Babies,50.92,Breastfed,6 To 8 Week Review,2016,Orkney Islands
S12000023,2012/2013,Ratio,Percent Of Babies,55.62,Breastfed,6 To 8 Week Review,2013,Orkney Islands
S12000023,2014/2015,Ratio,Percent Of Babies,55.49,Breastfed,6 To 8 Week Review,2015,Orkney Islands
S12000026,2005/2006,Ratio,Percent Of Babies,49.23,Breastfed,6 To 8 Week Review,2006,Scottish Borders
S12000026,2010/2011,Ratio,Percent Of Babies,40.87,Breastfed,6 To 8 Week Review,2011,Scottish Borders
S12000026,2006/2007,Ratio,Percent Of Babies,44.54,Breastfed,6 To 8 Week Review,2007,Scottish Borders
S12000026,2004/2005,Ratio,Percent Of Babies,47.85,Breastfed,6 To 8 Week Review,2005,Scottish Borders
S12000026,2012/2013,Ratio,Percent Of Babies,42.46,Breastfed,6 To 8 Week Review,2013,Scottish Borders
S12000026,2017/2018,Ratio,Percent Of Babies,45.96,Breastfed,6 To 8 Week Review,2018,Scottish Borders
S12000026,2008/2009,Ratio,Percent Of Babies,45.36,Breastfed,6 To 8 Week Review,2009,Scottish Borders
S12000026,2009/2010,Ratio,Percent Of Babies,43.26,Breastfed,6 To 8 Week Review,2010,Scottish Borders
S12000026,2002/2003,Ratio,Percent Of Babies,49.2,Breastfed,6 To 8 Week Review,2003,Scottish Borders
S12000026,2016/2017,Ratio,Percent Of Babies,48.43,Breastfed,6 To 8 Week Review,2017,Scottish Borders
S12000026,2015/2016,Ratio,Percent Of Babies,43.13,Breastfed,6 To 8 Week Review,2016,Scottish Borders
S12000026,2018/2019,Ratio,Percent Of Babies,48.35,Breastfed,6 To 8 Week Review,2019,Scottish Borders
S12000026,2011/2012,Ratio,Percent Of Babies,44.3,Breastfed,6 To 8 Week Review,2012,Scottish Borders
S12000026,2007/2008,Ratio,Percent Of Babies,40.64,Breastfed,6 To 8 Week Review,2008,Scottish Borders
S12000026,2003/2004,Ratio,Percent Of Babies,47.33,Breastfed,6 To 8 Week Review,2004,Scottish Borders
S12000026,2014/2015,Ratio,Percent Of Babies,45.7,Breastfed,6 To 8 Week Review,2015,Scottish Borders
S12000026,2013/2014,Ratio,Percent Of Babies,43.49,Breastfed,6 To 8 Week Review,2014,Scottish Borders
S12000027,2011/2012,Ratio,Percent Of Babies,52.57,Breastfed,6 To 8 Week Review,2012,Shetland Islands
S12000027,2013/2014,Ratio,Percent Of Babies,55.36,Breastfed,6 To 8 Week Review,2014,Shetland Islands
S12000027,2010/2011,Ratio,Percent Of Babies,58.66,Breastfed,6 To 8 Week Review,2011,Shetland Islands
S12000027,2008/2009,Ratio,Percent Of Babies,52.46,Breastfed,6 To 8 Week Review,2009,Shetland Islands
S12000027,2018/2019,Ratio,Percent Of Babies,58.93,Breastfed,6 To 8 Week Review,2019,Shetland Islands
S12000027,2016/2017,Ratio,Percent Of Babies,53.85,Breastfed,6 To 8 Week Review,2017,Shetland Islands
S12000027,2017/2018,Ratio,Percent Of Babies,58.95,Breastfed,6 To 8 Week Review,2018,Shetland Islands
S12000027,2014/2015,Ratio,Percent Of Babies,57.03,Breastfed,6 To 8 Week Review,2015,Shetland Islands
S12000027,2012/2013,Ratio,Percent Of Babies,53.65,Breastfed,6 To 8 Week Review,2013,Shetland Islands
S12000027,2015/2016,Ratio,Percent Of Babies,58.93,Breastfed,6 To 8 Week Review,2016,Shetland Islands
S12000027,2009/2010,Ratio,Percent Of Babies,51.29,Breastfed,6 To 8 Week Review,2010,Shetland Islands
S12000028,2016/2017,Ratio,Percent Of Babies,29.86,Breastfed,6 To 8 Week Review,2017,South Ayrshire
S12000028,2008/2009,Ratio,Percent Of Babies,30.08,Breastfed,6 To 8 Week Review,2009,South Ayrshire
S12000028,2006/2007,Ratio,Percent Of Babies,34.36,Breastfed,6 To 8 Week Review,2007,South Ayrshire
S12000028,2003/2004,Ratio,Percent Of Babies,30.8,Breastfed,6 To 8 Week Review,2004,South Ayrshire
S12000028,2004/2005,Ratio,Percent Of Babies,34.15,Breastfed,6 To 8 Week Review,2005,South Ayrshire
S12000028,2011/2012,Ratio,Percent Of Babies,28.54,Breastfed,6 To 8 Week Review,2012,South Ayrshire
S12000028,2007/2008,Ratio,Percent Of Babies,29.8,Breastfed,6 To 8 Week Review,2008,South Ayrshire
S12000028,2014/2015,Ratio,Percent Of Babies,29.73,Breastfed,6 To 8 Week Review,2015,South Ayrshire
S12000028,2005/2006,Ratio,Percent Of Babies,34.09,Breastfed,6 To 8 Week Review,2006,South Ayrshire
S12000028,2010/2011,Ratio,Percent Of Babies,29.17,Breastfed,6 To 8 Week Review,2011,South Ayrshire
S12000028,2013/2014,Ratio,Percent Of Babies,31.91,Breastfed,6 To 8 Week Review,2014,South Ayrshire
S12000028,2002/2003,Ratio,Percent Of Babies,33.76,Breastfed,6 To 8 Week Review,2003,South Ayrshire
S12000028,2012/2013,Ratio,Percent Of Babies,28.28,Breastfed,6 To 8 Week Review,2013,South Ayrshire
S12000028,2015/2016,Ratio,Percent Of Babies,29.58,Breastfed,6 To 8 Week Review,2016,South Ayrshire
S12000028,2009/2010,Ratio,Percent Of Babies,27.59,Breastfed,6 To 8 Week Review,2010,South Ayrshire
S12000028,2018/2019,Ratio,Percent Of Babies,30.03,Breastfed,6 To 8 Week Review,2019,South Ayrshire
S12000028,2017/2018,Ratio,Percent Of Babies,29.06,Breastfed,6 To 8 Week Review,2018,South Ayrshire
S12000029,2018/2019,Ratio,Percent Of Babies,31.71,Breastfed,6 To 8 Week Review,2019,South Lanarkshire
S12000029,2012/2013,Ratio,Percent Of Babies,25.88,Breastfed,6 To 8 Week Review,2013,South Lanarkshire
S12000029,2008/2009,Ratio,Percent Of Babies,28.63,Breastfed,6 To 8 Week Review,2009,South Lanarkshire
S12000029,2013/2014,Ratio,Percent Of Babies,27.27,Breastfed,6 To 8 Week Review,2014,South Lanarkshire
S12000029,2007/2008,Ratio,Percent Of Babies,28.33,Breastfed,6 To 8 Week Review,2008,South Lanarkshire
S12000029,2016/2017,Ratio,Percent Of Babies,30.56,Breastfed,6 To 8 Week Review,2017,South Lanarkshire
S12000029,2009/2010,Ratio,Percent Of Babies,28.78,Breastfed,6 To 8 Week Review,2010,South Lanarkshire
S12000029,2011/2012,Ratio,Percent Of Babies,27.94,Breastfed,6 To 8 Week Review,2012,South Lanarkshire
S12000029,2017/2018,Ratio,Percent Of Babies,30.62,Breastfed,6 To 8 Week Review,2018,South Lanarkshire
S12000029,2006/2007,Ratio,Percent Of Babies,29.14,Breastfed,6 To 8 Week Review,2007,South Lanarkshire
S12000029,2014/2015,Ratio,Percent Of Babies,26.18,Breastfed,6 To 8 Week Review,2015,South Lanarkshire
S12000029,2015/2016,Ratio,Percent Of Babies,26.73,Breastfed,6 To 8 Week Review,2016,South Lanarkshire
S12000029,2010/2011,Ratio,Percent Of Babies,27.81,Breastfed,6 To 8 Week Review,2011,South Lanarkshire
S12000029,2005/2006,Ratio,Percent Of Babies,29.36,Breastfed,6 To 8 Week Review,2006,South Lanarkshire
S12000029,2004/2005,Ratio,Percent Of Babies,29.57,Breastfed,6 To 8 Week Review,2005,South Lanarkshire
S12000029,2003/2004,Ratio,Percent Of Babies,30.62,Breastfed,6 To 8 Week Review,2004,South Lanarkshire
S12000029,2002/2003,Ratio,Percent Of Babies,30.77,Breastfed,6 To 8 Week Review,2003,South Lanarkshire
S12000030,2006/2007,Ratio,Percent Of Babies,43.97,Breastfed,6 To 8 Week Review,2007,Stirling
S12000030,2002/2003,Ratio,Percent Of Babies,44.73,Breastfed,6 To 8 Week Review,2003,Stirling
S12000030,2008/2009,Ratio,Percent Of Babies,48.07,Breastfed,6 To 8 Week Review,2009,Stirling
S12000030,2003/2004,Ratio,Percent Of Babies,42.48,Breastfed,6 To 8 Week Review,2004,Stirling
S12000030,2009/2010,Ratio,Percent Of Babies,42.17,Breastfed,6 To 8 Week Review,2010,Stirling
S12000030,2012/2013,Ratio,Percent Of Babies,43.31,Breastfed,6 To 8 Week Review,2013,Stirling
S12000030,2014/2015,Ratio,Percent Of Babies,42.99,Breastfed,6 To 8 Week Review,2015,Stirling
S12000030,2013/2014,Ratio,Percent Of Babies,41.06,Breastfed,6 To 8 Week Review,2014,Stirling
S12000030,2016/2017,Ratio,Percent Of Babies,48.26,Breastfed,6 To 8 Week Review,2017,Stirling
S12000030,2007/2008,Ratio,Percent Of Babies,47.73,Breastfed,6 To 8 Week Review,2008,Stirling
S12000030,2011/2012,Ratio,Percent Of Babies,42.93,Breastfed,6 To 8 Week Review,2012,Stirling
S12000030,2018/2019,Ratio,Percent Of Babies,49.28,Breastfed,6 To 8 Week Review,2019,Stirling
S12000030,2017/2018,Ratio,Percent Of Babies,50.53,Breastfed,6 To 8 Week Review,2018,Stirling
S12000030,2015/2016,Ratio,Percent Of Babies,43.43,Breastfed,6 To 8 Week Review,2016,Stirling
S12000030,2010/2011,Ratio,Percent Of Babies,42.96,Breastfed,6 To 8 Week Review,2011,Stirling
S12000030,2004/2005,Ratio,Percent Of Babies,43.98,Breastfed,6 To 8 Week Review,2005,Stirling
S12000030,2005/2006,Ratio,Percent Of Babies,45.73,Breastfed,6 To 8 Week Review,2006,Stirling
S12000033,2013/2014,Ratio,Percent Of Babies,52.44,Breastfed,6 To 8 Week Review,2014,Aberdeen City
S12000033,2018/2019,Ratio,Percent Of Babies,54.64,Breastfed,6 To 8 Week Review,2019,Aberdeen City
S12000033,2010/2011,Ratio,Percent Of Babies,49.67,Breastfed,6 To 8 Week Review,2011,Aberdeen City
S12000033,2016/2017,Ratio,Percent Of Babies,55.1,Breastfed,6 To 8 Week Review,2017,Aberdeen City
S12000033,2011/2012,Ratio,Percent Of Babies,46.94,Breastfed,6 To 8 Week Review,2012,Aberdeen City
S12000033,2017/2018,Ratio,Percent Of Babies,54.12,Breastfed,6 To 8 Week Review,2018,Aberdeen City
S12000033,2012/2013,Ratio,Percent Of Babies,49.29,Breastfed,6 To 8 Week Review,2013,Aberdeen City
S12000033,2014/2015,Ratio,Percent Of Babies,51.33,Breastfed,6 To 8 Week Review,2015,Aberdeen City
S12000033,2015/2016,Ratio,Percent Of Babies,51.04,Breastfed,6 To 8 Week Review,2016,Aberdeen City
S12000034,2010/2011,Ratio,Percent Of Babies,45,Breastfed,6 To 8 Week Review,2011,Aberdeenshire
S12000034,2014/2015,Ratio,Percent Of Babies,45.66,Breastfed,6 To 8 Week Review,2015,Aberdeenshire
S12000034,2015/2016,Ratio,Percent Of Babies,47.59,Breastfed,6 To 8 Week Review,2016,Aberdeenshire
S12000034,2016/2017,Ratio,Percent Of Babies,48.27,Breastfed,6 To 8 Week Review,2017,Aberdeenshire
S12000034,2017/2018,Ratio,Percent Of Babies,49.94,Breastfed,6 To 8 Week Review,2018,Aberdeenshire
S12000034,2018/2019,Ratio,Percent Of Babies,49.54,Breastfed,6 To 8 Week Review,2019,Aberdeenshire
S12000034,2012/2013,Ratio,Percent Of Babies,43.78,Breastfed,6 To 8 Week Review,2013,Aberdeenshire
S12000034,2013/2014,Ratio,Percent Of Babies,45.57,Breastfed,6 To 8 Week Review,2014,Aberdeenshire
S12000034,2011/2012,Ratio,Percent Of Babies,44.97,Breastfed,6 To 8 Week Review,2012,Aberdeenshire
S12000035,2005/2006,Ratio,Percent Of Babies,46.1,Breastfed,6 To 8 Week Review,2006,Argyll and Bute
S12000035,2002/2003,Ratio,Percent Of Babies,43,Breastfed,6 To 8 Week Review,2003,Argyll and Bute
S12000035,2003/2004,Ratio,Percent Of Babies,43.33,Breastfed,6 To 8 Week Review,2004,Argyll and Bute
S12000035,2016/2017,Ratio,Percent Of Babies,43.15,Breastfed,6 To 8 Week Review,2017,Argyll and Bute
S12000035,2010/2011,Ratio,Percent Of Babies,38.8,Breastfed,6 To 8 Week Review,2011,Argyll and Bute
S12000035,2017/2018,Ratio,Percent Of Babies,42.03,Breastfed,6 To 8 Week Review,2018,Argyll and Bute
S12000035,2007/2008,Ratio,Percent Of Babies,41.57,Breastfed,6 To 8 Week Review,2008,Argyll and Bute
S12000035,2008/2009,Ratio,Percent Of Babies,39.92,Breastfed,6 To 8 Week Review,2009,Argyll and Bute
S12000035,2011/2012,Ratio,Percent Of Babies,38.86,Breastfed,6 To 8 Week Review,2012,Argyll and Bute
S12000035,2015/2016,Ratio,Percent Of Babies,40.39,Breastfed,6 To 8 Week Review,2016,Argyll and Bute
S12000035,2009/2010,Ratio,Percent Of Babies,39.53,Breastfed,6 To 8 Week Review,2010,Argyll and Bute
S12000035,2012/2013,Ratio,Percent Of Babies,39.88,Breastfed,6 To 8 Week Review,2013,Argyll and Bute
S12000035,2014/2015,Ratio,Percent Of Babies,39.27,Breastfed,6 To 8 Week Review,2015,Argyll and Bute
S12000035,2018/2019,Ratio,Percent Of Babies,44.62,Breastfed,6 To 8 Week Review,2019,Argyll and Bute
S12000035,2004/2005,Ratio,Percent Of Babies,43.04,Breastfed,6 To 8 Week Review,2005,Argyll and Bute
S12000035,2006/2007,Ratio,Percent Of Babies,38.65,Breastfed,6 To 8 Week Review,2007,Argyll and Bute
S12000035,2013/2014,Ratio,Percent Of Babies,39.56,Breastfed,6 To 8 Week Review,2014,Argyll and Bute
S12000036,2014/2015,Ratio,Percent Of Babies,62.08,Breastfed,6 To 8 Week Review,2015,City of Edinburgh
S12000036,2012/2013,Ratio,Percent Of Babies,58.29,Breastfed,6 To 8 Week Review,2013,City of Edinburgh
S12000036,2005/2006,Ratio,Percent Of Babies,56.26,Breastfed,6 To 8 Week Review,2006,City of Edinburgh
S12000036,2004/2005,Ratio,Percent Of Babies,56.34,Breastfed,6 To 8 Week Review,2005,City of Edinburgh
S12000036,2009/2010,Ratio,Percent Of Babies,59.24,Breastfed,6 To 8 Week Review,2010,City of Edinburgh
S12000036,2003/2004,Ratio,Percent Of Babies,54.25,Breastfed,6 To 8 Week Review,2004,City of Edinburgh
S12000036,2008/2009,Ratio,Percent Of Babies,57.64,Breastfed,6 To 8 Week Review,2009,City of Edinburgh
S12000036,2015/2016,Ratio,Percent Of Babies,62.12,Breastfed,6 To 8 Week Review,2016,City of Edinburgh
S12000036,2010/2011,Ratio,Percent Of Babies,59.32,Breastfed,6 To 8 Week Review,2011,City of Edinburgh
S12000036,2017/2018,Ratio,Percent Of Babies,65.68,Breastfed,6 To 8 Week Review,2018,City of Edinburgh
S12000036,2016/2017,Ratio,Percent Of Babies,65.09,Breastfed,6 To 8 Week Review,2017,City of Edinburgh
S12000036,2011/2012,Ratio,Percent Of Babies,59.9,Breastfed,6 To 8 Week Review,2012,City of Edinburgh
S12000036,2002/2003,Ratio,Percent Of Babies,54.16,Breastfed,6 To 8 Week Review,2003,City of Edinburgh
S12000036,2006/2007,Ratio,Percent Of Babies,56.53,Breastfed,6 To 8 Week Review,2007,City of Edinburgh
S12000036,2007/2008,Ratio,Percent Of Babies,56.82,Breastfed,6 To 8 Week Review,2008,City of Edinburgh
S12000036,2018/2019,Ratio,Percent Of Babies,68.84,Breastfed,6 To 8 Week Review,2019,City of Edinburgh
S12000036,2013/2014,Ratio,Percent Of Babies,60.53,Breastfed,6 To 8 Week Review,2014,City of Edinburgh
S12000038,2004/2005,Ratio,Percent Of Babies,31.1,Breastfed,6 To 8 Week Review,2005,Renfrewshire
S12000038,2008/2009,Ratio,Percent Of Babies,31.69,Breastfed,6 To 8 Week Review,2009,Renfrewshire
S12000038,2016/2017,Ratio,Percent Of Babies,32.39,Breastfed,6 To 8 Week Review,2017,Renfrewshire
S12000038,2011/2012,Ratio,Percent Of Babies,28.69,Breastfed,6 To 8 Week Review,2012,Renfrewshire
S12000038,2015/2016,Ratio,Percent Of Babies,30.23,Breastfed,6 To 8 Week Review,2016,Renfrewshire
S12000038,2009/2010,Ratio,Percent Of Babies,28.46,Breastfed,6 To 8 Week Review,2010,Renfrewshire
S12000038,2006/2007,Ratio,Percent Of Babies,32.88,Breastfed,6 To 8 Week Review,2007,Renfrewshire
S12000038,2017/2018,Ratio,Percent Of Babies,33.09,Breastfed,6 To 8 Week Review,2018,Renfrewshire
S12000038,2013/2014,Ratio,Percent Of Babies,27.19,Breastfed,6 To 8 Week Review,2014,Renfrewshire
S12000038,2003/2004,Ratio,Percent Of Babies,32.06,Breastfed,6 To 8 Week Review,2004,Renfrewshire
S12000038,2014/2015,Ratio,Percent Of Babies,30.37,Breastfed,6 To 8 Week Review,2015,Renfrewshire
S12000038,2002/2003,Ratio,Percent Of Babies,32.82,Breastfed,6 To 8 Week Review,2003,Renfrewshire
S12000038,2012/2013,Ratio,Percent Of Babies,27.81,Breastfed,6 To 8 Week Review,2013,Renfrewshire
S12000038,2007/2008,Ratio,Percent Of Babies,29.87,Breastfed,6 To 8 Week Review,2008,Renfrewshire
S12000038,2005/2006,Ratio,Percent Of Babies,29.68,Breastfed,6 To 8 Week Review,2006,Renfrewshire
S12000038,2018/2019,Ratio,Percent Of Babies,34.53,Breastfed,6 To 8 Week Review,2019,Renfrewshire
S12000038,2010/2011,Ratio,Percent Of Babies,29.76,Breastfed,6 To 8 Week Review,2011,Renfrewshire
S12000041,2008/2009,Ratio,Percent Of Babies,34.06,Breastfed,6 To 8 Week Review,2009,Angus
S12000041,2018/2019,Ratio,Percent Of Babies,39.06,Breastfed,6 To 8 Week Review,2019,Angus
S12000041,2009/2010,Ratio,Percent Of Babies,34.38,Breastfed,6 To 8 Week Review,2010,Angus
S12000041,2017/2018,Ratio,Percent Of Babies,39.25,Breastfed,6 To 8 Week Review,2018,Angus
S12000041,2003/2004,Ratio,Percent Of Babies,36.58,Breastfed,6 To 8 Week Review,2004,Angus
S12000041,2012/2013,Ratio,Percent Of Babies,34.75,Breastfed,6 To 8 Week Review,2013,Angus
S12000041,2014/2015,Ratio,Percent Of Babies,32.43,Breastfed,6 To 8 Week Review,2015,Angus
S12000041,2002/2003,Ratio,Percent Of Babies,37.59,Breastfed,6 To 8 Week Review,2003,Angus
S12000041,2016/2017,Ratio,Percent Of Babies,37.4,Breastfed,6 To 8 Week Review,2017,Angus
S12000041,2005/2006,Ratio,Percent Of Babies,35.15,Breastfed,6 To 8 Week Review,2006,Angus
S12000041,2004/2005,Ratio,Percent Of Babies,36.46,Breastfed,6 To 8 Week Review,2005,Angus
S12000041,2013/2014,Ratio,Percent Of Babies,34.12,Breastfed,6 To 8 Week Review,2014,Angus
S12000041,2006/2007,Ratio,Percent Of Babies,37.5,Breastfed,6 To 8 Week Review,2007,Angus
S12000041,2010/2011,Ratio,Percent Of Babies,32.1,Breastfed,6 To 8 Week Review,2011,Angus
S12000041,2011/2012,Ratio,Percent Of Babies,33.27,Breastfed,6 To 8 Week Review,2012,Angus
S12000041,2015/2016,Ratio,Percent Of Babies,35.33,Breastfed,6 To 8 Week Review,2016,Angus
S12000041,2007/2008,Ratio,Percent Of Babies,35.46,Breastfed,6 To 8 Week Review,2008,Angus
S12000042,2008/2009,Ratio,Percent Of Babies,30.07,Breastfed,6 To 8 Week Review,2009,Dundee City
S12000042,2007/2008,Ratio,Percent Of Babies,28.78,Breastfed,6 To 8 Week Review,2008,Dundee City
S12000042,2015/2016,Ratio,Percent Of Babies,34.32,Breastfed,6 To 8 Week Review,2016,Dundee City
S12000042,2010/2011,Ratio,Percent Of Babies,31.78,Breastfed,6 To 8 Week Review,2011,Dundee City
S12000042,2011/2012,Ratio,Percent Of Babies,30.6,Breastfed,6 To 8 Week Review,2012,Dundee City
S12000042,2004/2005,Ratio,Percent Of Babies,27.04,Breastfed,6 To 8 Week Review,2005,Dundee City
S12000042,2018/2019,Ratio,Percent Of Babies,40.12,Breastfed,6 To 8 Week Review,2019,Dundee City
S12000042,2005/2006,Ratio,Percent Of Babies,32.54,Breastfed,6 To 8 Week Review,2006,Dundee City
S12000042,2017/2018,Ratio,Percent Of Babies,39.57,Breastfed,6 To 8 Week Review,2018,Dundee City
S12000042,2016/2017,Ratio,Percent Of Babies,36.23,Breastfed,6 To 8 Week Review,2017,Dundee City
S12000042,2013/2014,Ratio,Percent Of Babies,28.3,Breastfed,6 To 8 Week Review,2014,Dundee City
S12000042,2006/2007,Ratio,Percent Of Babies,31.38,Breastfed,6 To 8 Week Review,2007,Dundee City
S12000042,2002/2003,Ratio,Percent Of Babies,29.17,Breastfed,6 To 8 Week Review,2003,Dundee City
S12000042,2014/2015,Ratio,Percent Of Babies,33.33,Breastfed,6 To 8 Week Review,2015,Dundee City
S12000042,2012/2013,Ratio,Percent Of Babies,30.72,Breastfed,6 To 8 Week Review,2013,Dundee City
S12000042,2009/2010,Ratio,Percent Of Babies,31.76,Breastfed,6 To 8 Week Review,2010,Dundee City
S12000042,2003/2004,Ratio,Percent Of Babies,30.31,Breastfed,6 To 8 Week Review,2004,Dundee City
S12000045,2003/2004,Ratio,Percent Of Babies,44.62,Breastfed,6 To 8 Week Review,2004,East Dunbartonshire
S12000045,2015/2016,Ratio,Percent Of Babies,43.18,Breastfed,6 To 8 Week Review,2016,East Dunbartonshire
S12000045,2017/2018,Ratio,Percent Of Babies,49.44,Breastfed,6 To 8 Week Review,2018,East Dunbartonshire
S12000045,2005/2006,Ratio,Percent Of Babies,45.25,Breastfed,6 To 8 Week Review,2006,East Dunbartonshire
S12000045,2010/2011,Ratio,Percent Of Babies,42.26,Breastfed,6 To 8 Week Review,2011,East Dunbartonshire
S12000045,2009/2010,Ratio,Percent Of Babies,41.72,Breastfed,6 To 8 Week Review,2010,East Dunbartonshire
S12000045,2008/2009,Ratio,Percent Of Babies,40.06,Breastfed,6 To 8 Week Review,2009,East Dunbartonshire
S12000045,2006/2007,Ratio,Percent Of Babies,44.91,Breastfed,6 To 8 Week Review,2007,East Dunbartonshire
S12000045,2007/2008,Ratio,Percent Of Babies,43.31,Breastfed,6 To 8 Week Review,2008,East Dunbartonshire
S12000045,2011/2012,Ratio,Percent Of Babies,41.6,Breastfed,6 To 8 Week Review,2012,East Dunbartonshire
S12000045,2016/2017,Ratio,Percent Of Babies,47.04,Breastfed,6 To 8 Week Review,2017,East Dunbartonshire
S12000045,2018/2019,Ratio,Percent Of Babies,50.7,Breastfed,6 To 8 Week Review,2019,East Dunbartonshire
S12000045,2002/2003,Ratio,Percent Of Babies,47.69,Breastfed,6 To 8 Week Review,2003,East Dunbartonshire
S12000045,2013/2014,Ratio,Percent Of Babies,43.44,Breastfed,6 To 8 Week Review,2014,East Dunbartonshire
S12000045,2012/2013,Ratio,Percent Of Babies,42.65,Breastfed,6 To 8 Week Review,2013,East Dunbartonshire
S12000045,2014/2015,Ratio,Percent Of Babies,46.2,Breastfed,6 To 8 Week Review,2015,East Dunbartonshire
S12000045,2004/2005,Ratio,Percent Of Babies,47.32,Breastfed,6 To 8 Week Review,2005,East Dunbartonshire
S12000047,2009/2010,Ratio,Percent Of Babies,33.97,Breastfed,6 To 8 Week Review,2010,Fife
S12000047,2010/2011,Ratio,Percent Of Babies,34.21,Breastfed,6 To 8 Week Review,2011,Fife
S12000047,2013/2014,Ratio,Percent Of Babies,34.54,Breastfed,6 To 8 Week Review,2014,Fife
S12000047,2014/2015,Ratio,Percent Of Babies,33.33,Breastfed,6 To 8 Week Review,2015,Fife
S12000047,2015/2016,Ratio,Percent Of Babies,35.12,Breastfed,6 To 8 Week Review,2016,Fife
S12000047,2011/2012,Ratio,Percent Of Babies,33.8,Breastfed,6 To 8 Week Review,2012,Fife
S12000047,2003/2004,Ratio,Percent Of Babies,35.93,Breastfed,6 To 8 Week Review,2004,Fife
S12000047,2007/2008,Ratio,Percent Of Babies,36.06,Breastfed,6 To 8 Week Review,2008,Fife
S12000047,2016/2017,Ratio,Percent Of Babies,35.83,Breastfed,6 To 8 Week Review,2017,Fife
S12000047,2017/2018,Ratio,Percent Of Babies,37.29,Breastfed,6 To 8 Week Review,2018,Fife
S12000047,2018/2019,Ratio,Percent Of Babies,38.36,Breastfed,6 To 8 Week Review,2019,Fife
S12000047,2012/2013,Ratio,Percent Of Babies,32.25,Breastfed,6 To 8 Week Review,2013,Fife
S12000047,2002/2003,Ratio,Percent Of Babies,37.47,Breastfed,6 To 8 Week Review,2003,Fife
S12000047,2005/2006,Ratio,Percent Of Babies,36.41,Breastfed,6 To 8 Week Review,2006,Fife
S12000047,2008/2009,Ratio,Percent Of Babies,35.21,Breastfed,6 To 8 Week Review,2009,Fife
S12000047,2006/2007,Ratio,Percent Of Babies,36.82,Breastfed,6 To 8 Week Review,2007,Fife
S12000047,2004/2005,Ratio,Percent Of Babies,35.88,Breastfed,6 To 8 Week Review,2005,Fife
S12000048,2014/2015,Ratio,Percent Of Babies,43.23,Breastfed,6 To 8 Week Review,2015,Perth and Kinross
S12000048,2010/2011,Ratio,Percent Of Babies,46.44,Breastfed,6 To 8 Week Review,2011,Perth and Kinross
S12000048,2002/2003,Ratio,Percent Of Babies,50.21,Breastfed,6 To 8 Week Review,2003,Perth and Kinross
S12000048,2017/2018,Ratio,Percent Of Babies,48,Breastfed,6 To 8 Week Review,2018,Perth and Kinross
S12000048,2012/2013,Ratio,Percent Of Babies,43.31,Breastfed,6 To 8 Week Review,2013,Perth and Kinross
S12000048,2016/2017,Ratio,Percent Of Babies,50.87,Breastfed,6 To 8 Week Review,2017,Perth and Kinross
S12000048,2013/2014,Ratio,Percent Of Babies,43.52,Breastfed,6 To 8 Week Review,2014,Perth and Kinross
S12000048,2011/2012,Ratio,Percent Of Babies,43.8,Breastfed,6 To 8 Week Review,2012,Perth and Kinross
S12000048,2015/2016,Ratio,Percent Of Babies,43.93,Breastfed,6 To 8 Week Review,2016,Perth and Kinross
S12000048,2007/2008,Ratio,Percent Of Babies,46.69,Breastfed,6 To 8 Week Review,2008,Perth and Kinross
S12000048,2009/2010,Ratio,Percent Of Babies,44.99,Breastfed,6 To 8 Week Review,2010,Perth and Kinross
S12000048,2003/2004,Ratio,Percent Of Babies,49.39,Breastfed,6 To 8 Week Review,2004,Perth and Kinross
S12000048,2004/2005,Ratio,Percent Of Babies,48.99,Breastfed,6 To 8 Week Review,2005,Perth and Kinross
S12000048,2006/2007,Ratio,Percent Of Babies,47.75,Breastfed,6 To 8 Week Review,2007,Perth and Kinross
S12000048,2005/2006,Ratio,Percent Of Babies,49.96,Breastfed,6 To 8 Week Review,2006,Perth and Kinross
S12000048,2008/2009,Ratio,Percent Of Babies,44.23,Breastfed,6 To 8 Week Review,2009,Perth and Kinross
S12000048,2018/2019,Ratio,Percent Of Babies,53.8,Breastfed,6 To 8 Week Review,2019,Perth and Kinross
S12000049,2017/2018,Ratio,Percent Of Babies,43.29,Breastfed,6 To 8 Week Review,2018,Glasgow City
S12000049,2002/2003,Ratio,Percent Of Babies,32.55,Breastfed,6 To 8 Week Review,2003,Glasgow City
S12000049,2008/2009,Ratio,Percent Of Babies,35.47,Breastfed,6 To 8 Week Review,2009,Glasgow City
S12000049,2007/2008,Ratio,Percent Of Babies,32.58,Breastfed,6 To 8 Week Review,2008,Glasgow City
S12000049,2012/2013,Ratio,Percent Of Babies,37.16,Breastfed,6 To 8 Week Review,2013,Glasgow City
S12000049,2011/2012,Ratio,Percent Of Babies,35.89,Breastfed,6 To 8 Week Review,2012,Glasgow City
S12000049,2010/2011,Ratio,Percent Of Babies,37.1,Breastfed,6 To 8 Week Review,2011,Glasgow City
S12000049,2014/2015,Ratio,Percent Of Babies,38.75,Breastfed,6 To 8 Week Review,2015,Glasgow City
S12000049,2005/2006,Ratio,Percent Of Babies,34.96,Breastfed,6 To 8 Week Review,2006,Glasgow City
S12000049,2006/2007,Ratio,Percent Of Babies,34.8,Breastfed,6 To 8 Week Review,2007,Glasgow City
S12000049,2016/2017,Ratio,Percent Of Babies,40.87,Breastfed,6 To 8 Week Review,2017,Glasgow City
S12000049,2013/2014,Ratio,Percent Of Babies,37.5,Breastfed,6 To 8 Week Review,2014,Glasgow City
S12000049,2015/2016,Ratio,Percent Of Babies,39.71,Breastfed,6 To 8 Week Review,2016,Glasgow City
S12000049,2004/2005,Ratio,Percent Of Babies,34.03,Breastfed,6 To 8 Week Review,2005,Glasgow City
S12000049,2003/2004,Ratio,Percent Of Babies,32.85,Breastfed,6 To 8 Week Review,2004,Glasgow City
S12000049,2009/2010,Ratio,Percent Of Babies,37.04,Breastfed,6 To 8 Week Review,2010,Glasgow City
S12000049,2018/2019,Ratio,Percent Of Babies,46.66,Breastfed,6 To 8 Week Review,2019,Glasgow City
S12000050,2018/2019,Ratio,Percent Of Babies,26.12,Breastfed,6 To 8 Week Review,2019,North Lanarkshire
S12000050,2006/2007,Ratio,Percent Of Babies,22.56,Breastfed,6 To 8 Week Review,2007,North Lanarkshire
S12000050,2003/2004,Ratio,Percent Of Babies,22.41,Breastfed,6 To 8 Week Review,2004,North Lanarkshire
S12000050,2007/2008,Ratio,Percent Of Babies,22.26,Breastfed,6 To 8 Week Review,2008,North Lanarkshire
S12000050,2005/2006,Ratio,Percent Of Babies,25.06,Breastfed,6 To 8 Week Review,2006,North Lanarkshire
S12000050,2002/2003,Ratio,Percent Of Babies,24.38,Breastfed,6 To 8 Week Review,2003,North Lanarkshire
S12000050,2009/2010,Ratio,Percent Of Babies,21.18,Breastfed,6 To 8 Week Review,2010,North Lanarkshire
S12000050,2004/2005,Ratio,Percent Of Babies,23.99,Breastfed,6 To 8 Week Review,2005,North Lanarkshire
S12000050,2010/2011,Ratio,Percent Of Babies,21.18,Breastfed,6 To 8 Week Review,2011,North Lanarkshire
S12000050,2016/2017,Ratio,Percent Of Babies,21.41,Breastfed,6 To 8 Week Review,2017,North Lanarkshire
S12000050,2015/2016,Ratio,Percent Of Babies,21.29,Breastfed,6 To 8 Week Review,2016,North Lanarkshire
S12000050,2014/2015,Ratio,Percent Of Babies,21.05,Breastfed,6 To 8 Week Review,2015,North Lanarkshire
S12000050,2011/2012,Ratio,Percent Of Babies,21.94,Breastfed,6 To 8 Week Review,2012,North Lanarkshire
S12000050,2017/2018,Ratio,Percent Of Babies,22.85,Breastfed,6 To 8 Week Review,2018,North Lanarkshire
S12000050,2008/2009,Ratio,Percent Of Babies,22.51,Breastfed,6 To 8 Week Review,2009,North Lanarkshire
S12000050,2012/2013,Ratio,Percent Of Babies,19.38,Breastfed,6 To 8 Week Review,2013,North Lanarkshire
S12000050,2013/2014,Ratio,Percent Of Babies,20.71,Breastfed,6 To 8 Week Review,2014,North Lanarkshire
